repo,gran,loc,presented,parsefail,extracted,pairs,classes,largest,wall_s,peak_mb,report_bytes,status
hyyh619_irrlicht-1.8.3,functions,388036,897,414,799,63,46,4,131,267,620422,ok
Catch2,functions,74486,414,345,6,0,0,0,11,70,6199,ok
Catch2,blocks,74486,414,345,38,0,0,0,11,70,6191,ok
GWToolboxpp,functions,172651,560,485,36,9,2,4,59,376,30449,ok
GWToolboxpp,blocks,172651,560,485,133,19,5,7,59,376,107393,ok
Kartend,functions,157689,848,796,3,0,0,0,54,213,6203,ok
Kartend,blocks,157689,848,796,84,99,1,23,56,212,131333,ok
IrredenEngine,functions,138991,785,709,36,32,2,9,53,370,154207,ok
IrredenEngine,blocks,138991,785,709,92,35,3,9,57,370,158993,ok
LibreSprite,functions,167918,1283,1106,103,6,4,3,92,378,45689,ok
LibreSprite,blocks,167918,1283,1106,406,30,8,6,89,378,71366,ok
hyyh619_irrlicht-1.8.3,blocks,388036,897,414,3561,0,0,0,139,267,0,rc=99
AetherSDR,functions,1614089,1580,596,3741,1070,215,37,198,308,2140017,ok
AetherSDR,blocks,1614089,1580,596,10087,1166,322,25,190,308,2807491,ok
BambuStudio,functions,1399710,3173,2757,1523,608,76,43,258,373,756846,ok
BambuStudio,blocks,1399710,3173,2756,6134,651,118,44,250,373,960677,ok
